Table Name,record type,record sub_type,purpose,included in beta,FK - On Creation,indexing stradegy,Constraints,On Delete Behavior,record creation trigger,table trigger creation,table trigger record,on creation,on delete,data migration notes,audit requirements
activity_log,tracking,tracking,assign triggers on records to record records here with meta data transactions.  we will build this out to incorperate the website as well.,yes,null,activity_log_pkey,"CHECK (((jsonb_typeof(device) = 'object'::text) OR (device IS NULL))), CHECK (((jsonb_typeof(geo) = 'object'::text) OR (geo IS NULL))), CHECK (((jsonb_typeof(meta) = 'object'::text) OR (meta IS NULL))), CHECK (id IS NOT NULL), PRIMARY KEY (id)",,user actions ,,,,,,
address_contacts,joing table,,"Creates many-to-many relationships between addresses and contacts, allowing a single address to be associated with multiple contacts and vice versa.",,address_contacts has no foreign keys,address_contacts_pkey,"CHECK (id IS NOT NULL), PRIMARY KEY (id)",,addresses / contacts merger on collection,,,,,,
address_opportunities,joing table,,"Creates many-to-many relationships between addresses and opportunities, allowing multiple opportunities to be associated with a single address.",,address_opportunities has no foreign keys,address_opportunities_pkey,"CHECK (id IS NOT NULL), PRIMARY KEY (id)",,addresses / opportunities merger on collection,,,,,,
address_types,identification,identiers for sales and reporting,"commercial, residential, aparement, ect.",yes,null,address_types_pkey,"CHECK (created_at IS NOT NULL), CHECK (display_name IS NOT NULL), CHECK (id IS NOT NULL), CHECK (updated_at IS NOT NULL), PRIMARY KEY (id), NOT NULL (created_at), NOT NULL (display_name), NOT NULL (id), NOT NULL (updated_at)",,UI created,,,,,,
addresses,parental entity,key to the app - builds the entity,"holds a place name, address, geo location",yes,"addresses_address_type_id_fkey: address_type_id → address_types.id
addresses_collection_id_fkey: collection_id → collections.id
addresses_street_id_fkey: street_id → streets.id",addresses_pkey,"CHECK (id IS NOT NULL), CHECK (street IS NOT NULL), FOREIGN KEY (address_type_id) REFERENCES address_types(id), FOREIGN KEY (collection_id) REFERENCES collections(id), FOREIGN KEY (street_id) REFERENCES streets(id), PRIMARY KEY (id), NOT NULL (street)",no delete - make inactive,form,,"""Creates activity_log entry""
""Updates collection.updated_at timestamp""
""Potentially creates neighborhood_streets record if new street""","create - collections record, streets record",no delete - make inactive,,
approval_rules,sales,approvals,"automatic approval of estimates that meet certain criteria (e.g., discount below threshold, margin above minimum), streamlining the process for straightforward cases.",no,approval_rules_created_by_fkey: created_by → users.id,approval_rules_pkey,"CHECK (conditions IS NOT NULL), CHECK (id IS NOT NULL), CHECK (name IS NOT NULL), FOREIGN KEY (created_by) REFERENCES users(id), PRIMARY KEY (id), NOT NULL (conditions), NOT NULL (name)",,,,,,,,
catalog_items,external access,sync up external products for estimating,coming 2nd beta release,no,catalog_items_catalog_id_fkey: catalog_id → external_partner_catalog.id,"catalog_items_pkey, idx_catalog_items_catalog, idx_catalog_items_item_code","CHECK (id IS NOT NULL), CHECK (name IS NOT NULL), CHECK (unit_price IS NOT NULL), FOREIGN KEY (catalog_id) REFERENCES external_partner_catalog(id), PRIMARY KEY (id), NOT NULL (id), NOT NULL (name), NOT NULL (unit_price)",,,,,,,,
collection_contact_roles,collections,role in the collection,"Defines the roles that contacts play within a collection, such as PRIMARY, SPOUSE, AGENT, etc.",yes,"collection_contact_roles_collection_id_fkey: collection_id → collections.id
collection_contact_roles_contact_id_fkey: contact_id → contacts.id","idx_contact_roles_contact, collection_contact_roles_pkey, idx_contact_roles_unique, idx_contact_roles_collection","CHECK (id IS NOT NULL), CHECK (role_type IS NOT NULL), FOREIGN KEY (collection_id) REFERENCES collections(id), FOREIGN KEY (contact_id) REFERENCES contacts(id), PRIMARY KEY (id), NOT NULL (role_type)",,,,,,,,
collection_pulse,joining table,,"Stores activity data and health metrics for collections, enabling activity tracking and scoring.",,collection_pulse_collection_id_fkey: collection_id → collections.id,collection_pulse_pkey,"CHECK (id IS NOT NULL), FOREIGN KEY (collection_id) REFERENCES collections(id), PRIMARY KEY (id)",,collection_id creation,,,,,,
collections,containers,organizes entity data for consumption,our 'pane of glass',YES,null,collections_pkey,"CHECK (id IS NOT NULL), PRIMARY KEY (id)",,addresses record creation,activity log,,,,,
column_permissions,permissions,UI/API Access,Defines which columns are visible in UI or accessible via API for each role,yes,column_permissions_role_id_fkey: role_id → roles.id,"column_permissions_pkey, idx_column_perm_unique","CHECK (column_name IS NOT NULL), CHECK (id IS NOT NULL), CHECK (permission_type IS NOT NULL), CHECK (table_name IS NOT NULL), FOREIGN KEY (role_id) REFERENCES roles(id), PRIMARY KEY (id), NOT NULL (column_name), NOT NULL (permission_type), NOT NULL (table_name)",,permission configuration,,,permission cache update,cascade delete when role is deleted,,
communication_templates,communications,templates,"Stores reusable message templates for emails, SMS, and notifications that can incorporate dynamic data from the form system",no,communication_templates_created_by_fkey: created_by → users.id,communication_templates_pkey,"CHECK (id IS NOT NULL), CHECK (name IS NOT NULL), CHECK (template_type IS NOT NULL), FOREIGN KEY (created_by) REFERENCES users(id), PRIMARY KEY (id), NOT NULL (name), NOT NULL (template_type)",,UI created,,,activity log entry,soft delete - set is_active = false,,
contact_types,settings,settings,settings,no,null,contact_types_pkey,"CHECK (display_name IS NOT NULL), CHECK (id IS NOT NULL), PRIMARY KEY (id), NOT NULL (display_name)",,,,,,,,
contacts,parental entity,customer or affiliate data that can be used in a collection to build a sale or opportunity.,,,contacts_collection_id_fkey: collection_id → collections.id,contacts_pkey,"CHECK (id IS NOT NULL), FOREIGN KEY (collection_id) REFERENCES collections(id), PRIMARY KEY (id)",,,,,,,,
core_settings,settings,settings,settings,no,null,"core_settings_pkey, core_settings_setting_key_key","CHECK (id IS NOT NULL), CHECK (setting_key IS NOT NULL), PRIMARY KEY (id), UNIQUE (setting_key), NOT NULL (setting_key)",,,,,,,,
corporate,parental entity,,,,null,corporate_pkey,"CHECK (created_at IS NOT NULL), CHECK (id IS NOT NULL), CHECK (name IS NOT NULL), CHECK (updated_at IS NOT NULL), PRIMARY KEY (id), NOT NULL (created_at), NOT NULL (id), NOT NULL (name), NOT NULL (updated_at)",,UI created,,,,,,
corporate_goals,tracking,goals,set goals like employee tenureship ,yes,corporate_goals_corporate_id_fkey: corporate_id → corporate.id,corporate_goals_pkey,"CHECK (created_at IS NOT NULL), CHECK (created_by IS NOT NULL), CHECK (id IS NOT NULL), CHECK (title IS NOT NULL), CHECK (updated_at IS NOT NULL), FOREIGN KEY (corporate_id) REFERENCES corporate(id), PRIMARY KEY (id), NOT NULL (created_at), NOT NULL (created_by), NOT NULL (id), NOT NULL (title), NOT NULL (updated_at)",,UI created,,,,,,
corporate_owners,hierarchy,company management,system rule access,yes,corporate_owners_corporate_id_fkey: corporate_id → corporate.id,corporate_owners_pkey,"CHECK (created_at IS NOT NULL), CHECK (id IS NOT NULL), CHECK (updated_at IS NOT NULL), CHECK (user_id IS NOT NULL), FOREIGN KEY (corporate_id) REFERENCES corporate(id), PRIMARY KEY (id), NOT NULL (created_at), NOT NULL (id), NOT NULL (updated_at), NOT NULL (user_id)",,,,,,,,
data_source_references,tracking,,"Tracks references to source data used in documents, allowing you to track where data in estimates and reports came from.",,null,"idx_data_sources_target, data_source_references_pkey, idx_data_sources_source","CHECK (id IS NOT NULL), CHECK (source_id IS NOT NULL), CHECK (source_type IS NOT NULL), CHECK (target_id IS NOT NULL), CHECK (target_type IS NOT NULL), PRIMARY KEY (id), NOT NULL (source_id), NOT NULL (source_type), NOT NULL (target_id), NOT NULL (target_type)",,,,,,,,
department_roles,organizational,assignments,write any role names that you would like,,null,department_roles_pkey,"CHECK (id IS NOT NULL), PRIMARY KEY (id)",,,,,,,,
department_types,identification,organizational,suit your operations needs by assigning roles to a department as you grow,yes,null,department_types_pkey,"CHECK (id IS NOT NULL), CHECK (name IS NOT NULL), PRIMARY KEY (id), NOT NULL (name)",,,,,,,,
department_views,view access,permissions,arranges role component access by department,yes,null,department_views_pkey,"CHECK (id IS NOT NULL), CHECK (name IS NOT NULL), PRIMARY KEY (id), NOT NULL (name)",,,,,,,,
departments,organizational,hierarchical,"Represents organizational departments within companies, allowing for hierarchical structure.",yes,departments_organization_id_fkey: organization_id → organizations.id,departments_pkey,"CHECK (id IS NOT NULL), CHECK (name IS NOT NULL), FOREIGN KEY (organization_id) REFERENCES organizations(id), PRIMARY KEY (id), NOT NULL (id), NOT NULL (name)",,,,,,,,
digital_leads,marketing,,"Stores leads specifically generated from digital sources (website, online ads) with relevant tracking data.",,digital_leads_visitor_session_id_fkey: visitor_session_id → visitor_sessions.id,digital_leads_pkey,"CHECK (created_at IS NOT NULL), CHECK (id IS NOT NULL), CHECK (lead_source IS NOT NULL), CHECK (lead_type IS NOT NULL), CHECK (updated_at IS NOT NULL), FOREIGN KEY (visitor_session_id) REFERENCES visitor_sessions(id), PRIMARY KEY (id), NOT NULL (created_at), NOT NULL (id), NOT NULL (lead_source), NOT NULL (lead_type), NOT NULL (updated_at)",,,,,,,,
document_ai_models,communications,artificial intelligence,future dev. ,no,null,document_ai_models_pkey,"CHECK (created_at IS NOT NULL), CHECK (id IS NOT NULL), CHECK (name IS NOT NULL), CHECK (updated_at IS NOT NULL), PRIMARY KEY (id), NOT NULL (created_at), NOT NULL (id), NOT NULL (name), NOT NULL (updated_at)",,,,,,,,
document_components,modern form system,documents,"Stores individual components within documents, such as line items, photo galleries, and signature blocks.",,document_components_document_id_fkey: document_id → documents.id,"document_components_pkey, idx_doc_components_document","CHECK (component_type IS NOT NULL), CHECK (config IS NOT NULL), CHECK (display_order IS NOT NULL), CHECK (id IS NOT NULL), FOREIGN KEY (document_id) REFERENCES documents(id), PRIMARY KEY (id), NOT NULL (component_type), NOT NULL (config), NOT NULL (display_order)",,,,,,,,
document_templates,modern form system,documents,"Stores templates for documents like estimates, inspections, and reports, allowing users to create consistent documents quickly.",,"document_templates_created_by_fkey: created_by → users.id
document_templates_department_id_fkey: department_id → departments.id
document_templates_organization_id_fkey: organization_id → organizations.id","idx_doc_templates_type, document_templates_pkey, idx_doc_templates_org","CHECK (document_type IS NOT NULL), CHECK (id IS NOT NULL), CHECK (layout IS NOT NULL), CHECK (name IS NOT NULL), FOREIGN KEY (created_by) REFERENCES users(id), FOREIGN KEY (department_id) REFERENCES departments(id), FOREIGN KEY (organization_id) REFERENCES organizations(id), PRIMARY KEY (id), NOT NULL (document_type), NOT NULL (layout), NOT NULL (name)",,,,,,,,
document_types,identification,data,can save company docs for SOP and other items,yes,null,document_types_pkey,"CHECK (id IS NOT NULL), CHECK (name IS NOT NULL), PRIMARY KEY (id), NOT NULL (name)",,,,,,,,
documents,modern form system,documents,"Stores actual document instances created from templates, including estimates, reports, and inspections.",,"documents_collection_id_fkey: collection_id → collections.id
documents_created_by_fkey: created_by → users.id
documents_document_template_id_fkey: document_template_id → document_templates.id
documents_opportunity_id_fkey: opportunity_id → opportunities.id","idx_documents_type, idx_documents_opportunity, idx_documents_collection, documents_pkey","CHECK (content IS NOT NULL), CHECK (document_type IS NOT NULL), CHECK (id IS NOT NULL), CHECK (layout IS NOT NULL), CHECK (name IS NOT NULL), CHECK (status IS NOT NULL), CHECK (version IS NOT NULL), FOREIGN KEY (collection_id) REFERENCES collections(id), FOREIGN KEY (created_by) REFERENCES users(id), FOREIGN KEY (document_template_id) REFERENCES document_templates(id), FOREIGN KEY (opportunity_id) REFERENCES opportunities(id), PRIMARY KEY (id), NOT NULL (content), NOT NULL (document_type), NOT NULL (layout), NOT NULL (name)",,,,,,,,
drive_access_levels,view access,permissions,"access to the drives not needs at the lower level, just buckets and touchpoints or in some cases you can just assign a bucket to a rep and they work a stream of touchpoints.",yes,null,drive_access_levels_pkey,"CHECK (id IS NOT NULL), CHECK (name IS NOT NULL), PRIMARY KEY (id), NOT NULL (name)",,,,,,,,
drive_achievements,tracking,"we set achievements based on sales goals, performance analytics and things like that",log the amount of drives completed from start to finish - for example - lead load to appointment set,yes,null,drive_achievements_pkey,"CHECK (id IS NOT NULL), PRIMARY KEY (id)",,,,,,,,
drive_departments,joining table,,"Maps sales drives to specific departments, controlling which departments have access to which drives.",,null,drive_departments_pkey,"CHECK (id IS NOT NULL), PRIMARY KEY (id)",,,,,,,,
drive_geography_mapping,geo spacial,workflows,best suited for multi location customers - you can filter your drives by your created zones,no - release with salesBlanket v1.0,null,drive_geography_mapping_pkey,"CHECK (id IS NOT NULL), PRIMARY KEY (id)",,,,,,,,
drive_stops,joining table,,"Organizes buckets/stops within drives, creating the structure for the sales process flow.",,null,drive_buckets_pkey,"CHECK (id IS NOT NULL), PRIMARY KEY (id)",,,,,,,,
drive_types,identification,workflows,"name your main workflow stages - door knocking, appointments, closing",yes,null,drive_types_pkey,"CHECK (id IS NOT NULL), CHECK (name IS NOT NULL), PRIMARY KEY (id), NOT NULL (name)",,,,,,,,
engagement_access_conflict,view access,permissions,fallback - permission error,yes,null,entity_engagement_access_conflict_pkey,"CHECK (id IS NOT NULL), CHECK (policy_name IS NOT NULL), PRIMARY KEY (id), NOT NULL (policy_name)",,,,,,,,
engagement_access_default_rules,permissions,,,,null,entity_engagement_access_default_rules_pkey,"CHECK (id IS NOT NULL), PRIMARY KEY (id)",,,,,,,,
engagement_access_history,tracking,logs user engagement with entities and documentation,logs,yes,null,entity_engagement_access_history_pkey,"CHECK (id IS NOT NULL), PRIMARY KEY (id)",,,,,,,,
engagement_group_assignments,assignments,granule - external,can be used for independant contractors outside of your business,yes,"engagement_group_assignments_engagement_role_id_fkey: engagement_role_id → engagement_roles.id
engagement_group_assignments_group_id_fkey: group_id → engagement_groups.id",engagement_group_assignments_pkey,"CHECK (assigned_by IS NOT NULL), CHECK (entity_id IS NOT NULL), CHECK (entity_type_id IS NOT NULL), CHECK (id IS NOT NULL), FOREIGN KEY (engagement_role_id) REFERENCES engagement_roles(id), FOREIGN KEY (group_id) REFERENCES engagement_groups(id), PRIMARY KEY (id), NOT NULL (assigned_by), NOT NULL (entity_id), NOT NULL (entity_type_id), NOT NULL (id)",,,,,,,,
engagement_group_members,assignments,assign multiple members,can be used for independant contractors outside of your business,yes,engagement_group_members_group_id_fkey: group_id → engagement_groups.id,engagement_group_members_pkey,"CHECK (id IS NOT NULL), CHECK (user_id IS NOT NULL), FOREIGN KEY (group_id) REFERENCES engagement_groups(id), PRIMARY KEY (id), NOT NULL (id), NOT NULL (user_id)",,,,,,,,
engagement_groups,assignments,organize by group -or- trade -or- whatever you choose,can be used for independant contractors outside of your business,yes,null,engagement_groups_pkey,"CHECK (id IS NOT NULL), CHECK (name IS NOT NULL), PRIMARY KEY (id), NOT NULL (id), NOT NULL (name)",,,,,,,,
engagement_role_permissions,permissions,,,,null,entity_engagement_role_permissions_pkey,"CHECK (id IS NOT NULL), PRIMARY KEY (id)",,,,,,,,
engagement_role_types,identification,assignments,secondary role assignments to grant priviledges in one off instances,yes,null,entity_engagement_role_types_pkey,"CHECK (id IS NOT NULL), CHECK (name IS NOT NULL), PRIMARY KEY (id), NOT NULL (name)",,,,,,,,
engagement_roles,hierarchy,granule team or external based data access with brute force,"give customers certain access, or marketers, referrals",no,null,entity_engagement_roles_pkey,"CHECK (id IS NOT NULL), CHECK (name IS NOT NULL), PRIMARY KEY (id), NOT NULL (name)",,,,,,,,
engagements,parental entity,special access to entities,can be assigned to marketers,yes,null,"idx_engagements_status, entity_engagements_pkey","CHECK (id IS NOT NULL), PRIMARY KEY (id)",,,,,,,,
entities,parental entity,,,,entities_entity_type_id_fkey: entity_type_id → entity_types.id,entities_pkey,"CHECK (entity_type_id IS NOT NULL), CHECK (id IS NOT NULL), FOREIGN KEY (entity_type_id) REFERENCES entity_types(id), PRIMARY KEY (id), NOT NULL (entity_type_id)",,,,,,,,
entity_achievement_types,identification,write your achievements that you want to track,system outlines what types can be used,yes,null,entity_achievement_types_pkey,"CHECK (id IS NOT NULL), CHECK (name IS NOT NULL), PRIMARY KEY (id), NOT NULL (name)",,,,,,,,
entity_achievements,tracking,achievements,,,null,entity_achievements_pkey,"CHECK (id IS NOT NULL), PRIMARY KEY (id)",,,,,,,,
entity_card_layout,containers,maps entity types to card types with display rules,offers easy custom adaptation to custom requests,yes,entity_card_layout_entity_type_id_fkey: entity_type_id → entity_types.id,entity_card_layout_pkey,"CHECK (id IS NOT NULL), FOREIGN KEY (entity_type_id) REFERENCES entity_types(id), PRIMARY KEY (id)",,,,,,,,
entity_cards,containers,defines card styles and rendering templates,custom orders,yes,null,entity_cards_pkey,"CHECK (id IS NOT NULL), CHECK (name IS NOT NULL), PRIMARY KEY (id), NOT NULL (name)",,,,,,,,
entity_event_approvals,tracking,approvals,,,null,entity_event_approvals_pkey,"CHECK (id IS NOT NULL), PRIMARY KEY (id)",,,,,,,,
entity_event_types,identification,track events ,system outlines what events / transactions can be tracked,yes,null,entity_event_types_pkey,"CHECK (id IS NOT NULL), CHECK (name IS NOT NULL), PRIMARY KEY (id), NOT NULL (name)",,,,,,,,
entity_events,tracking,events,,,"entity_events_entity_id_fkey: entity_id → entities.id
entity_events_entity_type_id_fkey: entity_type_id → entity_types.id
entity_events_performed_by_fkey: performed_by → users.id",entity_events_pkey,"CHECK (entity_id IS NOT NULL), CHECK (entity_type_id IS NOT NULL), CHECK (id IS NOT NULL), FOREIGN KEY (entity_id) REFERENCES entities(id), FOREIGN KEY (entity_type_id) REFERENCES entity_types(id), FOREIGN KEY (performed_by) REFERENCES users(id), PRIMARY KEY (id), NOT NULL (entity_id), NOT NULL (entity_type_id)",,,,,,,,
entity_files,joining table,,"Stores files (documents, images, etc.) associated with any entity in the system using a polymorphic relationship.",,entity_files_created_by_fkey: created_by → users.id,"idx_entity_files_entity_type, idx_entity_files_drive_file_id, entity_files_pkey, idx_entity_files_entity_id, idx_entity_files_file_type","CHECK (created_at IS NOT NULL), CHECK (drive_file_id IS NOT NULL), CHECK (entity_id IS NOT NULL), CHECK (entity_type IS NOT NULL), CHECK (file_type IS NOT NULL), CHECK (id IS NOT NULL), CHECK (name IS NOT NULL), CHECK (updated_at IS NOT NULL), FOREIGN KEY (created_by) REFERENCES users(id), PRIMARY KEY (id), NOT NULL (drive_file_id), NOT NULL (entity_id), NOT NULL (entity_type), NOT NULL (file_type), NOT NULL (name)",,,,,,,,
entity_managers,hierarchy,where we assign users to entities - this renders the data view,roles are given certain permissions over entities - not a real reason for primamry.  when we develop the salesTracking we may add to this.,yes,"entity_managers_assigned_by_fkey: assigned_by → users.id
entity_managers_entity_id_fkey: entity_id → entities.id
entity_managers_user_id_fkey: user_id → users.id",entity_managers_pkey,"CHECK (entity_id IS NOT NULL), CHECK (id IS NOT NULL), CHECK (role_id IS NOT NULL), CHECK (user_id IS NOT NULL), FOREIGN KEY (assigned_by) REFERENCES users(id), FOREIGN KEY (entity_id) REFERENCES entities(id), FOREIGN KEY (user_id) REFERENCES users(id), PRIMARY KEY (id), NOT NULL (entity_id), NOT NULL (role_id), NOT NULL (user_id)",,,,,,,,
entity_matches,records,,,,entity_matches_digital_lead_id_fkey: digital_lead_id → digital_leads.id,entity_matches_pkey,"CHECK (created_at IS NOT NULL), CHECK (id IS NOT NULL), CHECK (matched_entity_id IS NOT NULL), CHECK (matched_entity_type IS NOT NULL), CHECK (updated_at IS NOT NULL), FOREIGN KEY (digital_lead_id) REFERENCES digital_leads(id), PRIMARY KEY (id), NOT NULL (created_at), NOT NULL (id), NOT NULL (matched_entity_id), NOT NULL (matched_entity_type), NOT NULL (updated_at)",,digital lead capture matches record in database,,,,,,
entity_photos,joining table,shortcut to google drive - profile photos,"Specifically stores photos associated with entities, with metadata specific to images.",,null,entity_photos_pkey,"CHECK (id IS NOT NULL), CHECK (photo_url IS NOT NULL), PRIMARY KEY (id), NOT NULL (photo_url)",,,,,,,,
entity_touchpoints,joining table,,"Records customer interaction points (calls, emails, meetings) linked to any entity via polymorphic relationship.",,"entity_touchpoints_created_by_fkey: created_by → users.id
entity_touchpoints_entity_type_id_fkey: entity_type_id → entity_types.id
entity_touchpoints_touchpoint_code_id_fkey: touchpoint_code_id → touchpoint_types.id",entity_touchpoints_pkey,"CHECK (id IS NOT NULL), FOREIGN KEY (created_by) REFERENCES users(id), FOREIGN KEY (entity_type_id) REFERENCES entity_types(id), FOREIGN KEY (touchpoint_code_id) REFERENCES touchpoint_types(id), PRIMARY KEY (id)",,,,,,,,
entity_types,identification,structural records,"Defines the fundamental entity types in the system. This table is crucial as it categorizes all primary data objects that flow through the salesBlanket application (addresses, contacts, opportunities). These entities represent the core objects that forms will be created for.",,null,entity_types_pkey,"CHECK (display_name IS NOT NULL), CHECK (id IS NOT NULL), PRIMARY KEY (id), NOT NULL (display_name)",,,,,,,,
entity_zones,geo location,territorial control of entities,included in the salesWarBoard ,no - relases in beta with salesBlanket v1.0 - all customers will get salesWarBoard for free grandfathered in if they sign up in beta and sign on as a customer for v1.0,null,entity_zones_pkey,"CHECK (id IS NOT NULL), PRIMARY KEY (id)",,,,,,,,
estimate_components,components,estimate building blocks,"Stores individual components within estimates, supporting the drag-and-drop estimate builder functionality.",no,"estimate_components_created_by_fkey: created_by → users.id
estimate_components_department_id_fkey: department_id → departments.id
estimate_components_organization_id_fkey: organization_id → organizations.id",estimate_components_pkey,"CHECK (component_schema IS NOT NULL), CHECK (component_type IS NOT NULL), CHECK (id IS NOT NULL), CHECK (name IS NOT NULL), FOREIGN KEY (created_by) REFERENCES users(id), FOREIGN KEY (department_id) REFERENCES departments(id), FOREIGN KEY (organization_id) REFERENCES organizations(id), PRIMARY KEY (id), NOT NULL (component_schema), NOT NULL (component_type), NOT NULL (name)",,,,,,,,
estimate_types,identification,estimate/financial items - dynamic,"Categorizes different types of estimates that can be created in the system. This allows for specific templates and workflows based on the type of estimate being created, supporting salesBlanket's drag-and-drop estimate builder.",,null,estimate_types_pkey,"CHECK (id IS NOT NULL), CHECK (name IS NOT NULL), PRIMARY KEY (id), NOT NULL (name)",,,,,,,,
estimates,interface,estimate/financial items - dynamic,"Estimates are a critical component of the salesBlanket application that serve as formal pricing proposals to customers. They combine product/service selections, pricing calculations, customer information, and visual elements (like photos and annotations) into a professional document that can be presented to customers for approval.",,null,estimates_pkey,"CHECK (collection_id IS NOT NULL), CHECK (created_at IS NOT NULL), CHECK (created_by IS NOT NULL), CHECK (entity_id IS NOT NULL), CHECK (entity_type IS NOT NULL), CHECK (estimate_type_id IS NOT NULL), CHECK (id IS NOT NULL), CHECK (updated_at IS NOT NULL), PRIMARY KEY (id), NOT NULL (collection_id), NOT NULL (created_at), NOT NULL (created_by), NOT NULL (entity_id), NOT NULL (entity_type), NOT NULL (estimate_type_id), NOT NULL (id), NOT NULL (updated_at)",,,,,,,,
event_contact_roles,joining table,role assignments,"Associates contacts with specific events (opportunities, estimates) with defined roles for targeted notifications",yes,event_contact_roles_contact_id_fkey: contact_id → contacts.id,"idx_event_contact_roles_event, event_contact_roles_pkey, idx_event_contact_roles_contact","CHECK (event_id IS NOT NULL), CHECK (event_type IS NOT NULL), CHECK (id IS NOT NULL), CHECK (role_type IS NOT NULL), FOREIGN KEY (contact_id) REFERENCES contacts(id), PRIMARY KEY (id), NOT NULL (event_id), NOT NULL (event_type), NOT NULL (role_type)",,opportunity/estimate creation or manual assignment,,,notification rules check,cascade delete when parent event is deleted,,
external_partner_catalog,external access,integrate B2B pricing,coming 2nd beta release,no,external_partner_catalog_partner_id_fkey: partner_id → external_partners.id,"external_partner_catalog_partner_id_catalog_version_key, external_partner_catalog_pkey, idx_external_partner_catalog_status, idx_external_partner_catalog_partner","CHECK (catalog_version IS NOT NULL), CHECK (effective_date IS NOT NULL), CHECK (id IS NOT NULL), FOREIGN KEY (partner_id) REFERENCES external_partners(id), PRIMARY KEY (id), UNIQUE (catalog_version), UNIQUE (partner_id), NOT NULL (catalog_version), NOT NULL (effective_date), NOT NULL (id)",,,,,,,,
external_partners,external access,B2B wiring,coming 2nd beta release,no,external_partners_approved_by_fkey: approved_by → users.id,"external_partners_pkey, idx_external_partners_status, idx_external_partners_type","CHECK (id IS NOT NULL), CHECK (name IS NOT NULL), CHECK (partner_type IS NOT NULL), FOREIGN KEY (approved_by) REFERENCES users(id), PRIMARY KEY (id), NOT NULL (id), NOT NULL (name), NOT NULL (partner_type)",,,,,,,,
external_user_profiles,external access,setup for partners to sell - tracking purposes,coming 2nd beta release,no,"external_user_profiles_internal_sponsor_id_fkey: internal_sponsor_id → users.id
external_user_profiles_user_id_fkey: user_id → users.id",external_user_profiles_pkey,"CHECK (id IS NOT NULL), CHECK (user_id IS NOT NULL), FOREIGN KEY (internal_sponsor_id) REFERENCES users(id), FOREIGN KEY (user_id) REFERENCES users(id), PRIMARY KEY (id), NOT NULL (id), NOT NULL (user_id)",,,,,,,,
field_permissions,permissions,field-level,"Provides granular control over field-level permissions for viewing, editing, and API access",yes,field_permissions_role_id_fkey: role_id → roles.id,"field_permissions_pkey, idx_field_perm_unique","CHECK (column_name IS NOT NULL), CHECK (id IS NOT NULL), CHECK (permission_type IS NOT NULL), CHECK (table_name IS NOT NULL), FOREIGN KEY (role_id) REFERENCES roles(id), PRIMARY KEY (id), NOT NULL (column_name), NOT NULL (permission_type), NOT NULL (table_name)",,permission configuration,,,permission cache update,cascade delete when role is deleted,,
filter_fields,identification,filters,"Defines fields that can be used for filtering and sorting in the salesBlanket application. This supports customizable views and reports, allowing users to filter entities based on specific criteria.",,filter_fields_entity_type_id_fkey: entity_type_id → entity_types.id,filter_fields_pkey,"CHECK (display_name IS NOT NULL), CHECK (field_name IS NOT NULL), CHECK (field_type IS NOT NULL), CHECK (id IS NOT NULL), FOREIGN KEY (entity_type_id) REFERENCES entity_types(id), PRIMARY KEY (id), NOT NULL (display_name), NOT NULL (field_name), NOT NULL (field_type)",,,,,,,,
form_access_controls,permissions,form system,"Controls which roles and departments can access specific forms, providing granular permission management for your form system.",yes,"form_access_controls_department_id_fkey: department_id → departments.id
form_access_controls_permission_id_fkey: permission_id → permissions.id",form_access_controls_pkey,"CHECK (form_definition_id IS NOT NULL), CHECK (id IS NOT NULL), FOREIGN KEY (department_id) REFERENCES departments(id), FOREIGN KEY (permission_id) REFERENCES permissions(id), PRIMARY KEY (id), NOT NULL (form_definition_id)",,,,,,,,
form_categories,modern form system,forms,"Defines categories for forms like ""Insurance"" and ""Retail"" to help organize opportunity forms.",,form_categories_created_by_fkey: created_by → users.id,form_categories_pkey,"CHECK (id IS NOT NULL), CHECK (name IS NOT NULL), FOREIGN KEY (created_by) REFERENCES users(id), PRIMARY KEY (id), NOT NULL (name)",,,,,,,,
form_component_usage,modern form system,forms,"Maps components to form definitions with ordering and custom configuration, allowing you to reuse components across multiple forms.",,form_component_usage_component_id_fkey: component_id → form_components.id,"idx_component_usage_form, form_component_usage_pkey","CHECK (display_order IS NOT NULL), CHECK (id IS NOT NULL), FOREIGN KEY (component_id) REFERENCES form_components(id), PRIMARY KEY (id), NOT NULL (display_order)",,,,,,,,
form_components,modern form system,forms,"Defines reusable components for forms, like text fields, photo galleries, document uploads, etc.",,"form_components_created_by_fkey: created_by → users.id
form_components_organization_id_fkey: organization_id → organizations.id","form_components_pkey, idx_form_components_type, idx_form_components_org","CHECK (component_type IS NOT NULL), CHECK (default_config IS NOT NULL), CHECK (id IS NOT NULL), CHECK (name IS NOT NULL), FOREIGN KEY (created_by) REFERENCES users(id), FOREIGN KEY (organization_id) REFERENCES organizations(id), PRIMARY KEY (id), NOT NULL (component_type), NOT NULL (default_config), NOT NULL (name)",,,,,,,,
form_definitions,modern form system,,"Stores form definitions as JSON schemas. Each form has a type (contact, opportunity), level (base, type, category, specialized), and can be associated with organizations and departments.",,"form_definitions_category_id_fkey: category_id → form_categories.id
form_definitions_created_by_fkey: created_by → users.id
form_definitions_department_id_fkey: department_id → departments.id
form_definitions_entity_type_id_fkey: entity_type_id → entity_types.id
form_definitions_organization_id_fkey: organization_id → organizations.id","idx_form_definitions_category, idx_form_definitions_subtype, idx_form_definitions_entity_type, form_definitions_pkey","CHECK (((form_level)::text = ANY ((ARRAY['BASE'::character varying, 'TYPE'::character varying, 'CATEGORY'::character varying, 'SPECIALIZED'::character varying])::text[]))), CHECK (form_level IS NOT NULL), CHECK (form_schema IS NOT NULL), CHECK (id IS NOT NULL), CHECK (name IS NOT NULL), CHECK (version IS NOT NULL), FOREIGN KEY (category_id) REFERENCES form_categories(id), FOREIGN KEY (created_by) REFERENCES users(id), FOREIGN KEY (department_id) REFERENCES departments(id), FOREIGN KEY (entity_type_id) REFERENCES entity_types(id), FOREIGN KEY (organization_id) REFERENCES organizations(id), PRIMARY KEY (id), NOT NULL (form_level), NOT NULL (form_schema), NOT NULL (name)",,,,,,,,
form_draft_states,forms,,,,"form_draft_states_editor_user_id_fkey: editor_user_id → users.id
form_draft_states_form_definition_id_fkey: form_definition_id → form_definitions.id","form_draft_states_pkey, idx_form_drafts_form, idx_form_drafts_user","CHECK (draft_state IS NOT NULL), CHECK (id IS NOT NULL), FOREIGN KEY (editor_user_id) REFERENCES users(id), FOREIGN KEY (form_definition_id) REFERENCES form_definitions(id), PRIMARY KEY (id), NOT NULL (draft_state)",,,,,,,,
form_versions,modern form system,forms,"Maintains version history for form definitions, allowing you to track changes over time and ensure backward compatibility.",,"form_versions_created_by_fkey: created_by → users.id
form_versions_form_definition_id_fkey: form_definition_id → form_definitions.id","form_versions_pkey, idx_form_versions_unique","CHECK (form_schema IS NOT NULL), CHECK (id IS NOT NULL), CHECK (version IS NOT NULL), FOREIGN KEY (created_by) REFERENCES users(id), FOREIGN KEY (form_definition_id) REFERENCES form_definitions(id), PRIMARY KEY (id), NOT NULL (form_schema), NOT NULL (version)",,,,,,,,
geographic_zones,geo spacial entities,workflows,best suited for multi location customers - you can filter your drives by your created zones,no - release with salesBlanket v1.1,null,geographic_zones_pkey,"CHECK (id IS NOT NULL), CHECK (name IS NOT NULL), PRIMARY KEY (id), NOT NULL (name)",,,,,,,,
goal_types,identification,goals,"Defines different types of goals that can be set in the salesBlanket application, supporting performance tracking and management objectives for sales teams.",,null,goal_types_pkey,"CHECK (id IS NOT NULL), CHECK (name IS NOT NULL), PRIMARY KEY (id), NOT NULL (name)",,,,,,,,
group_members,hierarchy,build groups for zones,integrated for zones ,no,null,group_members_pkey,"CHECK (group_id IS NOT NULL), CHECK (id IS NOT NULL), CHECK (user_id IS NOT NULL), PRIMARY KEY (id), NOT NULL (group_id), NOT NULL (id), NOT NULL (user_id)",,,,,,,,
group_views,view access,permissions,supposed to help with zone views,no,null,group_views_pkey,"CHECK (id IS NOT NULL), PRIMARY KEY (id)",,,,,,,,
groups,parental entity,,,,null,groups_pkey,"CHECK (id IS NOT NULL), PRIMARY KEY (id), NOT NULL (id)",,,,,,,,
item_type_components,components,sales engine,"Maps which components are available for different sales engine item types, supporting configurable product/service definitions.",no,"item_type_components_component_id_fkey: component_id → estimate_components.id
item_type_components_item_type_id_fkey: item_type_id → sales_engine_item_types.id","item_type_components_item_type_id_component_id_key, item_type_components_pkey","CHECK (component_id IS NOT NULL), CHECK (id IS NOT NULL), CHECK (item_type_id IS NOT NULL), FOREIGN KEY (component_id) REFERENCES estimate_components(id), FOREIGN KEY (item_type_id) REFERENCES sales_engine_item_types(id), PRIMARY KEY (id), UNIQUE (component_id), UNIQUE (item_type_id), NOT NULL (component_id), NOT NULL (item_type_id)",,,,,,,,
item_type_forms,modern form system,sales engine integration,"Associates specific form definitions with sales engine item types, determining which forms are used for configuring different product/service types.",no,item_type_forms_item_type_id_fkey: item_type_id → sales_engine_item_types.id,"item_type_forms_pkey, item_type_forms_item_type_id_form_definition_id_key","CHECK (form_definition_id IS NOT NULL), CHECK (id IS NOT NULL), CHECK (item_type_id IS NOT NULL), FOREIGN KEY (item_type_id) REFERENCES sales_engine_item_types(id), PRIMARY KEY (id), UNIQUE (form_definition_id), UNIQUE (item_type_id), NOT NULL (form_definition_id), NOT NULL (item_type_id)",,,,,,,,
labor_entries,components,estimate/financial items - dynamic,labor pricing,no,labor_entries_item_id_fkey: item_id → sales_engine_items.id,labor_entries_pkey,"CHECK (created_at IS NOT NULL), CHECK (date IS NOT NULL), CHECK (hours IS NOT NULL), CHECK (id IS NOT NULL), CHECK (rate IS NOT NULL), CHECK (updated_at IS NOT NULL), CHECK (user_id IS NOT NULL), FOREIGN KEY (item_id) REFERENCES sales_engine_items(id), PRIMARY KEY (id), NOT NULL (created_at), NOT NULL (date), NOT NULL (hours), NOT NULL (id), NOT NULL (rate), NOT NULL (updated_at), NOT NULL (user_id)",,,,,,,,
lead_assignment_rules,view access,permissions,team assignment - shared rules - allowing viewership of data of certain levels,yes,null,lead_assignment_rules_pkey,"CHECK (created_at IS NOT NULL), CHECK (criteria IS NOT NULL), CHECK (id IS NOT NULL), CHECK (priority IS NOT NULL), CHECK (rule_name IS NOT NULL), CHECK (updated_at IS NOT NULL), PRIMARY KEY (id), NOT NULL (created_at), NOT NULL (criteria), NOT NULL (id), NOT NULL (rule_name), NOT NULL (updated_at)",,,,,,,,
lead_processing_history,tracking,,,,lead_processing_history_lead_id_fkey: lead_id → lead_staging.id,lead_processing_history_pkey,"CHECK (action IS NOT NULL), CHECK (created_at IS NOT NULL), CHECK (id IS NOT NULL), CHECK (performed_by IS NOT NULL), FOREIGN KEY (lead_id) REFERENCES lead_staging(id), PRIMARY KEY (id), NOT NULL (action), NOT NULL (created_at), NOT NULL (id), NOT NULL (performed_by)",,,,,,,,
lead_staging,management,,Temporarily stores incoming lead data before processing and conversion to contacts/opportunities.,,null,lead_staging_pkey,"CHECK (created_at IS NOT NULL), CHECK (id IS NOT NULL), CHECK (lead_data IS NOT NULL), CHECK (source IS NOT NULL), CHECK (updated_at IS NOT NULL), PRIMARY KEY (id), NOT NULL (created_at), NOT NULL (id), NOT NULL (lead_data), NOT NULL (source), NOT NULL (updated_at)",,,,,,,,
lead_tags,identification,marketing,"Provides a way to categorize and organize leads with tags, allowing for better segmentation and targeting in the salesBlanket application.",,lead_tags_lead_id_fkey: lead_id → lead_staging.id,"lead_tags_lead_id_tag_key, lead_tags_pkey","CHECK (created_at IS NOT NULL), CHECK (created_by IS NOT NULL), CHECK (id IS NOT NULL), CHECK (tag IS NOT NULL), FOREIGN KEY (lead_id) REFERENCES lead_staging(id), PRIMARY KEY (id), UNIQUE (lead_id), UNIQUE (tag), NOT NULL (created_at), NOT NULL (created_by), NOT NULL (id), NOT NULL (tag)",,,,,,,,
location_departments,joining table,,"Associates locations with departments, defining which departments operate in which locations.",,null,location_departments_pkey,"CHECK (id IS NOT NULL), PRIMARY KEY (id)",,,,,,,,
location_documentation,joining table,organizational,"Stores documentation specific to locations, such as permits, zoning information, etc.",,null,location_documentation_pkey,"CHECK (id IS NOT NULL), CHECK (title IS NOT NULL), PRIMARY KEY (id), NOT NULL (title)",,,,,,,,
location_drives,joining table,,"Maps sales drives to specific geographic locations, allowing location-specific sales processes.",,null,location_drives_pkey,"CHECK (id IS NOT NULL), PRIMARY KEY (id)",,,,,,,,
location_goals,joining table,,"Stores performance goals specific to locations, supporting regional target tracking.",,null,location_goals_pkey,"CHECK (created_at IS NOT NULL), CHECK (created_by IS NOT NULL), CHECK (id IS NOT NULL), CHECK (title IS NOT NULL), CHECK (updated_at IS NOT NULL), PRIMARY KEY (id), NOT NULL (created_at), NOT NULL (created_by), NOT NULL (id), NOT NULL (title), NOT NULL (updated_at)",,,,,,,,
location_settings,settings,settings,settings,no,null,location_settings_pkey,"CHECK (id IS NOT NULL), PRIMARY KEY (id)",,,,,,,,
location_types,identification,organizational,"Categorizes different types of locations that can be associated with addresses, helping to segment and target specific property types in salesBlanket.",,null,location_types_pkey,"CHECK (id IS NOT NULL), CHECK (name IS NOT NULL), PRIMARY KEY (id), NOT NULL (name)",,,,,,,,
location_users,employees,funnel employees by locations,user assignment if you have multiple locations it is needed,yes - probably second release,location_users_location_id_fkey: location_id → locations.id,location_users_pkey,"CHECK (created_at IS NOT NULL), CHECK (id IS NOT NULL), CHECK (updated_at IS NOT NULL), CHECK (user_id IS NOT NULL), FOREIGN KEY (location_id) REFERENCES locations(id), PRIMARY KEY (id), NOT NULL (created_at), NOT NULL (id), NOT NULL (updated_at), NOT NULL (user_id)",,,,,,,,
locations,organizational,you can write more than one location - stays with the same dataset,,yes,"locations_corporate_id_fkey: corporate_id → corporate.id
locations_parent_location_id_fkey: parent_location_id → locations.id",locations_pkey,"CHECK (id IS NOT NULL), CHECK (name IS NOT NULL), FOREIGN KEY (corporate_id) REFERENCES corporate(id), FOREIGN KEY (parent_location_id) REFERENCES locations(id), PRIMARY KEY (id), NOT NULL (name)",,,,,,,,
marketer_seo_tracking,tracking,marketing,,,marketer_seo_tracking_marketer_id_fkey: marketer_id → marketers.id,marketer_seo_tracking_pkey,"CHECK (created_at IS NOT NULL), CHECK (id IS NOT NULL), CHECK (page_url IS NOT NULL), CHECK (updated_at IS NOT NULL), FOREIGN KEY (marketer_id) REFERENCES marketers(id), PRIMARY KEY (id), NOT NULL (created_at), NOT NULL (id), NOT NULL (page_url), NOT NULL (updated_at)",,,,,,,,
marketers,parental entity,,,,null,marketers_pkey,"CHECK (collection_id IS NOT NULL), CHECK (created_at IS NOT NULL), CHECK (created_by IS NOT NULL), CHECK (id IS NOT NULL), CHECK (name IS NOT NULL), CHECK (updated_at IS NOT NULL), PRIMARY KEY (id), NOT NULL (collection_id), NOT NULL (created_at), NOT NULL (created_by), NOT NULL (id), NOT NULL (name), NOT NULL (updated_at)",,,,,,,,
metadata_field_permissions,permissions,JSON paths,Controls access to specific paths within metadata JSON fields for granular security,yes,metadata_field_permissions_role_id_fkey: role_id → roles.id,"metadata_field_permissions_pkey, idx_metadata_perm_unique","CHECK (id IS NOT NULL), CHECK (json_path IS NOT NULL), CHECK (permission_type IS NOT NULL), CHECK (table_name IS NOT NULL), FOREIGN KEY (role_id) REFERENCES roles(id), PRIMARY KEY (id), NOT NULL (json_path), NOT NULL (permission_type), NOT NULL (table_name)",,permission configuration,,,permission cache update,cascade delete when role is deleted,,
neighborhood_goals,tracking,neighborhoods,,,null,neighborhood_goals_pkey,"CHECK (created_at IS NOT NULL), CHECK (created_by IS NOT NULL), CHECK (id IS NOT NULL), CHECK (title IS NOT NULL), CHECK (updated_at IS NOT NULL), PRIMARY KEY (id), NOT NULL (created_at), NOT NULL (created_by), NOT NULL (id), NOT NULL (title), NOT NULL (updated_at)",,,,,,,,
neighborhood_streets,joining table,,"Maps streets to neighborhoods, establishing the geographic hierarchy for address management.",,null,neighborhood_streets_pkey,"CHECK (id IS NOT NULL), CHECK (name IS NOT NULL), PRIMARY KEY (id), NOT NULL (name)",,,,,,,,
neighborhoods,geo spacial entities,organizational,create collections of streets and catogorize them as a neighborhood.  you can assign a team to the neighborhood,yes,null,neighborhoods_pkey,"CHECK (id IS NOT NULL), CHECK (name IS NOT NULL), PRIMARY KEY (id), NOT NULL (name)",,,,,,,,
notification_channels,communications,app notifications for users ,"notification for events, assignments, workflows, when deals close with salesman and when deals are completed and paid",maybe,null,notification_channels_pkey,"CHECK (channel_type IS NOT NULL), CHECK (created_at IS NOT NULL), CHECK (id IS NOT NULL), CHECK (name IS NOT NULL), CHECK (updated_at IS NOT NULL), PRIMARY KEY (id), NOT NULL (channel_type), NOT NULL (created_at), NOT NULL (id), NOT NULL (name), NOT NULL (updated_at)",,,,,,,,
notification_rules,rules,,,,null,notification_rules_pkey,"CHECK (created_at IS NOT NULL), CHECK (created_by IS NOT NULL), CHECK (event_type IS NOT NULL), CHECK (id IS NOT NULL), CHECK (name IS NOT NULL), CHECK (updated_at IS NOT NULL), PRIMARY KEY (id), NOT NULL (created_at), NOT NULL (created_by), NOT NULL (event_type), NOT NULL (id), NOT NULL (name), NOT NULL (updated_at)",,,,,,,,
notification_settings,settings,settings,settings,no,notification_settings_channel_id_fkey: channel_id → notification_channels.id,notification_settings_pkey,"CHECK (created_at IS NOT NULL), CHECK (id IS NOT NULL), CHECK (notification_type IS NOT NULL), CHECK (updated_at IS NOT NULL), CHECK (user_id IS NOT NULL), FOREIGN KEY (channel_id) REFERENCES notification_channels(id), PRIMARY KEY (id), NOT NULL (created_at), NOT NULL (id), NOT NULL (notification_type), NOT NULL (updated_at), NOT NULL (user_id)",,,,,,,,
notification_types,identification,notifations,"Defines different notification types that can be sent to users, supporting the communication system within salesBlanket.",,null,notification_types_pkey,"CHECK (id IS NOT NULL), CHECK (name IS NOT NULL), PRIMARY KEY (id), NOT NULL (name)",,,,,,,,
notifications,entities,communications,notification records for trigger stored here ,yes,null,"idx_notifications_user_read, notifications_pkey, idx_notifications_created_at","CHECK (created_at IS NOT NULL), CHECK (id IS NOT NULL), CHECK (title IS NOT NULL), CHECK (updated_at IS NOT NULL), CHECK (user_id IS NOT NULL), PRIMARY KEY (id), NOT NULL (created_at), NOT NULL (id), NOT NULL (title), NOT NULL (updated_at), NOT NULL (user_id)",,,,,,,,
object_components,components,estimate/financial items - dynamic,ability to craft dynamic documents,no,"object_components_object_id_fkey: object_id → objects.id
object_components_parent_component_id_fkey: parent_component_id → object_components.id",object_components_pkey,"CHECK (component_type IS NOT NULL), CHECK (created_at IS NOT NULL), CHECK (id IS NOT NULL), CHECK (name IS NOT NULL), CHECK (updated_at IS NOT NULL), FOREIGN KEY (object_id) REFERENCES objects(id), FOREIGN KEY (parent_component_id) REFERENCES object_components(id), PRIMARY KEY (id), NOT NULL (component_type), NOT NULL (created_at), NOT NULL (id), NOT NULL (name), NOT NULL (updated_at)",,,,,,,,
object_media,components,"photos, videos, documents for dynamic documents","add photo pages, line items, block estimates",no,"object_media_component_id_fkey: component_id → object_components.id
object_media_object_id_fkey: object_id → objects.id",object_media_pkey,"CHECK (created_at IS NOT NULL), CHECK (created_by IS NOT NULL), CHECK (id IS NOT NULL), CHECK (media_type IS NOT NULL), CHECK (name IS NOT NULL), CHECK (updated_at IS NOT NULL), FOREIGN KEY (component_id) REFERENCES object_components(id), FOREIGN KEY (object_id) REFERENCES objects(id), PRIMARY KEY (id), NOT NULL (created_at), NOT NULL (created_by), NOT NULL (id), NOT NULL (media_type), NOT NULL (name), NOT NULL (updated_at)",,,,,,,,
object_types,identifications,estimate/financial items - dynamic,"Provides a general-purpose type system for objects that don't fit into other specific categories, offering flexibility within the salesBlanket application.",,null,object_types_pkey,"CHECK (created_at IS NOT NULL), CHECK (domain IS NOT NULL), CHECK (id IS NOT NULL), CHECK (name IS NOT NULL), CHECK (updated_at IS NOT NULL), PRIMARY KEY (id), NOT NULL (created_at), NOT NULL (domain), NOT NULL (id), NOT NULL (name), NOT NULL (updated_at)",,,,,,,,
objects,entities,sale items - dynamic,"estimates, contracts",no,objects_object_type_id_fkey: object_type_id → object_types.id,objects_pkey,"CHECK (collection_id IS NOT NULL), CHECK (created_at IS NOT NULL), CHECK (created_by IS NOT NULL), CHECK (entity_id IS NOT NULL), CHECK (entity_type IS NOT NULL), CHECK (id IS NOT NULL), CHECK (name IS NOT NULL), CHECK (updated_at IS NOT NULL), FOREIGN KEY (object_type_id) REFERENCES object_types(id), PRIMARY KEY (id), NOT NULL (collection_id), NOT NULL (created_at), NOT NULL (created_by), NOT NULL (entity_id), NOT NULL (entity_type), NOT NULL (id), NOT NULL (name), NOT NULL (updated_at)",,,,,,,,
operations_user,lea,,"Defines users who have operations-level permissions, potentially with extended attributes.",,null,operations_users_pkey,"CHECK (created_at IS NOT NULL), CHECK (id IS NOT NULL), CHECK (role IS NOT NULL), CHECK (updated_at IS NOT NULL), CHECK (user_id IS NOT NULL), PRIMARY KEY (id), NOT NULL (created_at), NOT NULL (id), NOT NULL (role), NOT NULL (updated_at), NOT NULL (user_id)",,,,,,,,
opportunities,entities,"appointments, contracts",workflow entity that has a few different configurations,yes,opportunities_collection_id_fkey: collection_id → collections.id,opportunities_pkey,"CHECK (id IS NOT NULL), FOREIGN KEY (collection_id) REFERENCES collections(id), PRIMARY KEY (id)",,,,,,,,
opportunity_contacts,joining tables,,"Creates many-to-many relationships between opportunities and contacts, defining which contacts are involved with which opportunities.",,null,opportunity_contacts_pkey,"CHECK (id IS NOT NULL), PRIMARY KEY (id)",,,,,,,,
opportunity_type_work_types,opportunities,opportunities,"Maps opportunity types to work types, allowing you to associate specific work types with different opportunity types.",,"opportunity_type_work_types_opportunity_type_id_fkey: opportunity_type_id → opportunity_types.id
opportunity_type_work_types_work_type_id_fkey: work_type_id → work_types.id","idx_opp_work_types_unique, opportunity_type_work_types_pkey","CHECK (id IS NOT NULL), FOREIGN KEY (opportunity_type_id) REFERENCES opportunity_types(id), FOREIGN KEY (work_type_id) REFERENCES work_types(id), PRIMARY KEY (id)",,,,,,,,
opportunity_types,identifications,organizational,"Defines different types of sales opportunities in the system, crucial for the dynamic form system in salesBlanket where opportunity forms change based on type selection (roofing, siding, solar, etc.).",,null,opportunity_types_pkey,"CHECK (id IS NOT NULL), CHECK (name IS NOT NULL), PRIMARY KEY (id), NOT NULL (name)",,,,,,,,
organizations,organizational,,"Represents top-level organizations that can have their own departments, users, and form definitions.",,null,organizations_pkey,"CHECK (id IS NOT NULL), CHECK (name IS NOT NULL), PRIMARY KEY (id), NOT NULL (name)",,,,,,,,
permissions,permissions,,,,null,permissions_pkey,"CHECK (id IS NOT NULL), CHECK (name IS NOT NULL), PRIMARY KEY (id), NOT NULL (name)",,,,,,,,
pulse,containers,workflows,organizes the salesPulse component,yes,pulse_entity_type_id_fkey: entity_type_id → entity_types.id,entity_card_pulse_pkey,"CHECK (id IS NOT NULL), FOREIGN KEY (entity_type_id) REFERENCES entity_types(id), PRIMARY KEY (id)",,,,,,,,
pulse_ai,communications,artificial intelligence,future dev. ,no,pulse_ai_pulse_id_fkey: pulse_id → pulse.id,entity_card_pulse_gemini_pkey,"CHECK (id IS NOT NULL), FOREIGN KEY (pulse_id) REFERENCES pulse(id), PRIMARY KEY (id)",,,,,,,,
pulse_calendar,communications,sales management,current offering google calendar integration,yes,pulse_calendar_pulse_id_fkey: pulse_id → pulse.id,entity_card_pulse_calendar_pkey,"CHECK (id IS NOT NULL), FOREIGN KEY (pulse_id) REFERENCES pulse(id), PRIMARY KEY (id)",,,,,,,,
pulse_email_attachments,data,"photos, documents",handles incoming photos ,maybe,pulse_email_attachments_email_id_fkey: email_id → pulse_mail.id,"entity_card_pulse_email_attachments_photo_idx, entity_card_pulse_email_attachments_entity_idx, entity_card_pulse_email_attachments_email_idx, entity_card_pulse_email_attachments_pkey","CHECK (created_at IS NOT NULL), CHECK (file_name IS NOT NULL), CHECK (id IS NOT NULL), CHECK (updated_at IS NOT NULL), FOREIGN KEY (email_id) REFERENCES pulse_mail(id), PRIMARY KEY (id), NOT NULL (created_at), NOT NULL (file_name), NOT NULL (id), NOT NULL (updated_at)",,,,,,,,
pulse_external_users,communications,external,future dev. ,no,null,"entity_card_pulse_external_users_email_idx, entity_card_pulse_external_users_email_key, entity_card_pulse_external_users_pkey, entity_card_pulse_external_users_status_idx","CHECK (created_at IS NOT NULL), CHECK (created_by IS NOT NULL), CHECK (email IS NOT NULL), CHECK (id IS NOT NULL), CHECK (name IS NOT NULL), CHECK (updated_at IS NOT NULL), PRIMARY KEY (id), UNIQUE (email), NOT NULL (created_at), NOT NULL (created_by), NOT NULL (email), NOT NULL (id), NOT NULL (name), NOT NULL (updated_at)",,,,,,,,
pulse_lead_referrals,communications,referral tracking,simple outgoing email updates when a referral signs a contract and when a referral is paid and closed,yes,pulse_lead_referrals_external_user_id_fkey: external_user_id → pulse_external_users.id,"entity_card_pulse_lead_referrals_status_idx, entity_card_pulse_lead_referrals_opportunity_idx, entity_card_pulse_lead_referrals_external_user_idx, entity_card_pulse_lead_referrals_pkey","CHECK (created_at IS NOT NULL), CHECK (external_user_id IS NOT NULL), CHECK (id IS NOT NULL), CHECK (updated_at IS NOT NULL), FOREIGN KEY (external_user_id) REFERENCES pulse_external_users(id), PRIMARY KEY (id), NOT NULL (created_at), NOT NULL (external_user_id), NOT NULL (id), NOT NULL (updated_at)",,,,,,,,
pulse_mail,communications,sales management,"shortcut to the pulse email component as a one off, instead of getting the whole collection on the collection",yes,pulse_mail_pulse_id_fkey: pulse_id → pulse.id,"entity_card_pulse_gmail_pkey, idx_pulse_mail_metadata","CHECK (id IS NOT NULL), FOREIGN KEY (pulse_id) REFERENCES pulse(id), PRIMARY KEY (id)",,,,,,,,
pulse_message_read_status,tracking,messages,,,pulse_message_read_status_last_read_message_id_fkey: last_read_message_id → pulse_messages.id,"entity_card_pulse_message_read_status_pkey, entity_card_pulse_read_collection_user_idx, entity_card_pulse_message_read_status_collection_id_user_id_key","CHECK (collection_id IS NOT NULL), CHECK (created_at IS NOT NULL), CHECK (id IS NOT NULL), CHECK (updated_at IS NOT NULL), CHECK (user_id IS NOT NULL), FOREIGN KEY (last_read_message_id) REFERENCES pulse_messages(id), PRIMARY KEY (id), UNIQUE (collection_id), UNIQUE (user_id), NOT NULL (collection_id), NOT NULL (created_at), NOT NULL (id), NOT NULL (updated_at), NOT NULL (user_id)",,,,,,,,
pulse_messages,communications,sales management,yes,yes,null,"entity_card_pulse_messages_visibility_idx, entity_card_pulse_messages_entity_idx, entity_card_pulse_messages_sender_idx, entity_card_pulse_messages_collection_idx, entity_card_pulse_messages_pkey","CHECK (collection_id IS NOT NULL), CHECK (created_at IS NOT NULL), CHECK (id IS NOT NULL), CHECK (message_text IS NOT NULL), CHECK (sender_id IS NOT NULL), CHECK (updated_at IS NOT NULL), PRIMARY KEY (id), NOT NULL (collection_id), NOT NULL (created_at), NOT NULL (id), NOT NULL (message_text), NOT NULL (sender_id), NOT NULL (updated_at)",,,,,,,,
pulse_notebook,communications,sales management,"save a tree, write on bytes",no,pulse_notebook_pulse_id_fkey: pulse_id → pulse.id,entity_card_pulse_notebook_pkey,"CHECK (id IS NOT NULL), FOREIGN KEY (pulse_id) REFERENCES pulse(id), PRIMARY KEY (id)",,,,,,,,
pulse_photo_annotations,data,editing,edit photos with salesPhotos,no - we offer mobile links with company cam.  potentially the third release of beta.  late 2025.,pulse_photo_annotations_photo_id_fkey: photo_id → pulse_photos.id,"entity_card_pulse_photo_annotations_pkey, entity_card_pulse_photo_annotations_photo_idx","CHECK (annotation_type IS NOT NULL), CHECK (coordinates IS NOT NULL), CHECK (created_at IS NOT NULL), CHECK (created_by IS NOT NULL), CHECK (id IS NOT NULL), CHECK (photo_id IS NOT NULL), CHECK (updated_at IS NOT NULL), FOREIGN KEY (photo_id) REFERENCES pulse_photos(id), PRIMARY KEY (id), NOT NULL (annotation_type), NOT NULL (coordinates), NOT NULL (created_at), NOT NULL (created_by), NOT NULL (id), NOT NULL (photo_id), NOT NULL (updated_at)",,,,,,,,
pulse_photos,data,photos,ability to load photos into the salesBlanket app - data stored in google drive.,yes - i believe we can integrate this with company cam - we can trigger the company cam creation base on a touchpoint or a drive on the track.,null,"entity_card_pulse_photos_pkey, entity_card_pulse_photos_entity_idx, entity_card_pulse_photos_created_by_idx, entity_card_pulse_photos_visibility_idx","CHECK (created_at IS NOT NULL), CHECK (created_by IS NOT NULL), CHECK (drive_file_id IS NOT NULL), CHECK (entity_id IS NOT NULL), CHECK (entity_type IS NOT NULL), CHECK (id IS NOT NULL), CHECK (name IS NOT NULL), CHECK (updated_at IS NOT NULL), PRIMARY KEY (id), NOT NULL (created_at), NOT NULL (created_by), NOT NULL (drive_file_id), NOT NULL (entity_id), NOT NULL (entity_type), NOT NULL (id), NOT NULL (name), NOT NULL (updated_at)",,,,,,,,
pulse_referral_status_history,tracking,referrals,,,pulse_referral_status_history_referral_id_fkey: referral_id → pulse_lead_referrals.id,"entity_card_pulse_referral_status_history_pkey, entity_card_pulse_referral_history_idx","CHECK (changed_by IS NOT NULL), CHECK (created_at IS NOT NULL), CHECK (id IS NOT NULL), CHECK (new_status IS NOT NULL), CHECK (referral_id IS NOT NULL), FOREIGN KEY (referral_id) REFERENCES pulse_lead_referrals(id), PRIMARY KEY (id), NOT NULL (changed_by), NOT NULL (created_at), NOT NULL (id), NOT NULL (new_status), NOT NULL (referral_id)",,,,,,,,
pulse_role_levels,view access,system config,preset access on web app load,yes,null,entity_card_pulse_role_levels_pkey,"CHECK (access_level IS NOT NULL), CHECK (role IS NOT NULL), PRIMARY KEY (role), NOT NULL (access_level), NOT NULL (role)",,,,,,,,
pulse_storage,data,documents,"connection with google drive is offered - you can store documents - a folder is created in your google drive, we use the drive ",yes,pulse_storage_pulse_id_fkey: pulse_id → pulse.id,entity_card_pulse_drive_pkey,"CHECK (id IS NOT NULL), FOREIGN KEY (pulse_id) REFERENCES pulse(id), PRIMARY KEY (id)",,,,,,,,
pulse_tasks,organizational,tasks,we will have a native integration with google tasks in the beta trial,yes,pulse_tasks_pulse_id_fkey: pulse_id → pulse.id,entity_card_pulse_tasks_pkey,"CHECK (id IS NOT NULL), FOREIGN KEY (pulse_id) REFERENCES pulse(id), PRIMARY KEY (id)",,,,,,,,
pulse_text,communications,SMS,Enables SMS messaging integration with Twilio for customer communications based on events and workflows,no,"pulse_text_collection_id_fkey: collection_id → collections.id
pulse_text_contact_id_fkey: contact_id → contacts.id
pulse_text_created_by_fkey: created_by → users.id
pulse_text_template_id_fkey: template_id → communication_templates.id",pulse_text_pkey,"CHECK (id IS NOT NULL), CHECK (message_content IS NOT NULL), CHECK (phone_number IS NOT NULL), FOREIGN KEY (collection_id) REFERENCES collections(id), FOREIGN KEY (contact_id) REFERENCES contacts(id), FOREIGN KEY (created_by) REFERENCES users(id), FOREIGN KEY (template_id) REFERENCES communication_templates(id), PRIMARY KEY (id), NOT NULL (message_content), NOT NULL (phone_number)",,user action or automated event,,,send SMS via Twilio,no delete - maintain communication record,,
pulse_virtual_sales,communications,sales management,offering integration with google meets on beta,yes but not on launch,pulse_virtual_sales_pulse_id_fkey: pulse_id → pulse.id,entity_card_pulse_meet_pkey,"CHECK (id IS NOT NULL), FOREIGN KEY (pulse_id) REFERENCES pulse(id), PRIMARY KEY (id)",,,,,,,,
role_goals,goals,sales management,we will run simple canvassing goals,yes,null,role_goals_pkey,"CHECK (id IS NOT NULL), PRIMARY KEY (id)",,,,,,,,
role_permissions,permissions,,,,null,role_permissions_pkey,"CHECK (id IS NOT NULL), PRIMARY KEY (id)",,,,,,,,
role_settings,settings,settings,settings,no,null,role_settings_pkey,"CHECK (id IS NOT NULL), PRIMARY KEY (id)",,,,,,,,
role_views,view access,system config,roles set your view on login,yes,null,role_views_pkey,"CHECK (id IS NOT NULL), CHECK (name IS NOT NULL), PRIMARY KEY (id), NOT NULL (name)",,,,,,,,
roles,organizational,,Defines user roles for permission management in the system.,,roles_created_by_fkey: created_by → users.id,"idx_role_name, roles_pkey","CHECK (id IS NOT NULL), CHECK (name IS NOT NULL), CHECK (permissions IS NOT NULL), FOREIGN KEY (created_by) REFERENCES users(id), PRIMARY KEY (id), NOT NULL (name)",,,,,,,,
sales_approvals,sales,approvals,a staging area where estimates wait for manager review before being sent to customers.,no,"sales_approvals_approver_id_fkey: approver_id → users.id
sales_approvals_document_id_fkey: document_id → documents.id
sales_approvals_requestor_id_fkey: requestor_id → users.id","idx_sales_approvals_approver, idx_sales_approvals_status, idx_sales_approvals_requestor, idx_sales_approvals_document, sales_approvals_pkey","CHECK (id IS NOT NULL), CHECK (status IS NOT NULL), FOREIGN KEY (approver_id) REFERENCES users(id), FOREIGN KEY (document_id) REFERENCES documents(id), FOREIGN KEY (requestor_id) REFERENCES users(id), PRIMARY KEY (id)",,,,,,,,
sales_drives ,entities,workflows,drives organzie a pattern of buckets,yes,null,sales_drives_pkey,"CHECK (id IS NOT NULL), CHECK (name IS NOT NULL), PRIMARY KEY (id), NOT NULL (name)",,,,,,,,
sales_engine_item_types,identification,estimate/financial items - dynamic,"Categorizes different types of items that can be sold through the sales engine, fundamental to salesBlanket's estimate and pricing system.",,null,sales_engine_item_types_pkey,"CHECK (created_at IS NOT NULL), CHECK (id IS NOT NULL), CHECK (name IS NOT NULL), CHECK (updated_at IS NOT NULL), PRIMARY KEY (id), NOT NULL (created_at), NOT NULL (id), NOT NULL (name), NOT NULL (updated_at)",,,,,,,,
sales_engine_item_zones,geo spacial entities,control what sales/objects are avaiable by zones.  ,granule control - orginal integration will be with google sheets for consumption,no,sales_engine_item_zones_item_id_fkey: item_id → sales_engine_items.id,sales_engine_item_zones_pkey,"CHECK (created_at IS NOT NULL), CHECK (id IS NOT NULL), CHECK (price IS NOT NULL), CHECK (updated_at IS NOT NULL), CHECK (zone_id IS NOT NULL), FOREIGN KEY (item_id) REFERENCES sales_engine_items(id), PRIMARY KEY (id), NOT NULL (created_at), NOT NULL (id), NOT NULL (price), NOT NULL (updated_at), NOT NULL (zone_id)",,,,,,,,
sales_engine_items,data,estimate/financial items - dynamic,this runs bidPerfect,no,null,sales_engine_items_pkey,"CHECK (created_at IS NOT NULL), CHECK (created_by IS NOT NULL), CHECK (display_type IS NOT NULL), CHECK (id IS NOT NULL), CHECK (item_type_id IS NOT NULL), CHECK (name IS NOT NULL), CHECK (unit IS NOT NULL), CHECK (updated_at IS NOT NULL), PRIMARY KEY (id), NOT NULL (created_at), NOT NULL (created_by), NOT NULL (display_type), NOT NULL (id), NOT NULL (item_type_id), NOT NULL (name), NOT NULL (unit), NOT NULL (updated_at)",,,,,,,,
sales_stop_settings,settings,settings,settings,no,null,sales_stop_settings_pkey,"CHECK (id IS NOT NULL), PRIMARY KEY (id)",,UI Created,activity log,,,,,
sales_stop_touchpoint_assignments,workflows,touchpoints are assigned to buckets here ,"core structure - when entities are updated with actions we assign those actions as a touchpioint, when it is satisfied the entity moves to the next touchpoint - potentially shifting buckets, drives or tracks",yes,null,sales_stop_touchpoint_assignments_pkey,"CHECK (id IS NOT NULL), PRIMARY KEY (id)",,entity workflow - user or system,,,,,,
sales_stop_types,identification,workflows,bucket identification - custom to your workflow,yes,null,sales_stop_types_pkey,"CHECK (id IS NOT NULL), CHECK (stop_name IS NOT NULL), PRIMARY KEY (id), NOT NULL (stop_name)",,UI created,,,,,,
sales_stops,worfklow entities,"entities are filtered to the buckets through the tracks, drives, to the bucket.  buckets contain touchpoints.  touchpoints are assigned to entities when need touch for work done",organizational workflow tool,yes,null,sales_stops_pkey,"CHECK (id IS NOT NULL), CHECK (name IS NOT NULL), PRIMARY KEY (id), NOT NULL (name)",,,,,,,,
sales_track_departments,,,,,null,sales_track_departments_pkey,"CHECK (department_id IS NOT NULL), CHECK (id IS NOT NULL), CHECK (track_id IS NOT NULL), PRIMARY KEY (id), NOT NULL (department_id), NOT NULL (track_id)",,,,,,,,
sales_track_drives,joining_tables,,"Links sales tracks to drives, defining the path that drives can follow within the sales process.",,null,sales_track_drives_pkey,"CHECK (drive_id IS NOT NULL), CHECK (id IS NOT NULL), CHECK (track_id IS NOT NULL), PRIMARY KEY (id), NOT NULL (drive_id), NOT NULL (track_id)",,,,,,,,
sales_track_types,identification,workflows,"Categorizes different sales process tracks, supporting the salesBlanket system of salesDrives, salesTracks, and salesStops.",,null,sales_track_types_pkey,"CHECK (id IS NOT NULL), CHECK (name IS NOT NULL), PRIMARY KEY (id), NOT NULL (name)",,,,,,,,
sales_tracks,entities,workflows,"entities - especially leads AKA opportunities, addresses, and contacts all drive on the track to success!",yes,null,sales_tracks_pkey,"CHECK (id IS NOT NULL), CHECK (name IS NOT NULL), PRIMARY KEY (id), NOT NULL (name)",,,,,,,,
saved_filters,entity management,workflows,"preset filters for tracks, drives, buckets, and touchpoints",yes,"saved_filters_created_by_fkey: created_by → users.id
saved_filters_entity_type_id_fkey: entity_type_id → entity_types.id",saved_filters_pkey,"CHECK (filter_definition IS NOT NULL), CHECK (id IS NOT NULL), CHECK (name IS NOT NULL), FOREIGN KEY (created_by) REFERENCES users(id), FOREIGN KEY (entity_type_id) REFERENCES entity_types(id), PRIMARY KEY (id), NOT NULL (filter_definition), NOT NULL (name)",,,,,,,,
social_media_interactions,marketing,,Records interactions from social media platforms that may lead to lead generation or customer engagement.,,social_media_interactions_digital_lead_id_fkey: digital_lead_id → digital_leads.id,social_media_interactions_pkey,"CHECK (created_at IS NOT NULL), CHECK (id IS NOT NULL), CHECK (interaction_type IS NOT NULL), CHECK (platform IS NOT NULL), FOREIGN KEY (digital_lead_id) REFERENCES digital_leads(id), PRIMARY KEY (id), NOT NULL (created_at), NOT NULL (id), NOT NULL (interaction_type), NOT NULL (platform)",,,,,,,,
spatial_ref_sys,geo spacial,system,system,system,null,spatial_ref_sys_pkey,"PRIMARY KEY (srid), NOT NULL (srid)",,,,,,,,
streets,geo spacial entities,neighborhoods,used to organize a street of addresses for a team to sell,no,null,streets_pkey,"CHECK (id IS NOT NULL), CHECK (name IS NOT NULL), PRIMARY KEY (id), NOT NULL (id), NOT NULL (name)",,,,,On creation: Check for matching neighborhood,,,
team_goals,goals,sales management,team goals for canvassing / closer teams,yes,null,team_goals_pkey,"CHECK (created_at IS NOT NULL), CHECK (created_by IS NOT NULL), CHECK (id IS NOT NULL), CHECK (title IS NOT NULL), CHECK (updated_at IS NOT NULL), PRIMARY KEY (id), NOT NULL (created_at), NOT NULL (created_by), NOT NULL (id), NOT NULL (title), NOT NULL (updated_at)",,,,,,,,
team_members,organizational,assign users to a team to grant additional views,can be used with geo spacial neighborhoods and streets,yes,team_members_team_id_fkey: team_id → teams.id,"team_members_team_id_user_id_key, team_members_pkey","CHECK (id IS NOT NULL), PRIMARY KEY (id), UNIQUE (team_id), UNIQUE (user_id)",,,,,,,,
team_neighborhoods,organizational,assignments,,,null,team_neighborhoods_pkey,"CHECK (id IS NOT NULL), PRIMARY KEY (id)",,,,,,,,
team_settings,settings,settings,settings,no,null,team_settings_pkey,"CHECK (id IS NOT NULL), PRIMARY KEY (id)",,,,,,,,
teams,organizational entities,entity that holds the record of the team ,set your team status to active or not,,null,teams_pkey,"CHECK (id IS NOT NULL), CHECK (is_active IS NOT NULL), CHECK (name IS NOT NULL), PRIMARY KEY (id), NOT NULL (name)",,,,,,,,
touchpoint_achievements,tracking,touchpoints,,,"touchpoint_achievements_achievement_type_id_fkey: achievement_type_id → entity_achievement_types.id
touchpoint_achievements_touchpoint_code_id_fkey: touchpoint_code_id → touchpoint_types.id",touchpoint_achievements_pkey,"CHECK (id IS NOT NULL), FOREIGN KEY (achievement_type_id) REFERENCES entity_achievement_types(id), FOREIGN KEY (touchpoint_code_id) REFERENCES touchpoint_types(id), PRIMARY KEY (id)",,,,,,,,
touchpoint_applicable_entities,view access,defines what touchpoints can be applied to which entity types,fully custom,yes,"touchpoint_applicable_entities_entity_type_id_fkey: entity_type_id → entity_types.id
touchpoint_applicable_entities_touchpoint_code_id_fkey: touchpoint_code_id → touchpoint_types.id",touchpoint_applicable_entities_pkey,"CHECK (id IS NOT NULL), FOREIGN KEY (entity_type_id) REFERENCES entity_types(id), FOREIGN KEY (touchpoint_code_id) REFERENCES touchpoint_types(id), PRIMARY KEY (id)",,,,,,,,
touchpoint_types,identification,workflows,"Defines different types of customer interactions or ""touchpoints,"" supporting salesBlanket's customer engagement tracking.",,null,touchpoint_types_pkey,"CHECK (id IS NOT NULL), CHECK (name IS NOT NULL), PRIMARY KEY (id), NOT NULL (name)",,,,,,,,
touchpoints,entities,workflows,"key accomplishments to move entities from one bucket to another, potentially driving the lead to another track.",yes,"touchpoints_address_id_fkey: address_id → addresses.id
touchpoints_contact_id_fkey: contact_id → contacts.id
touchpoints_entity_type_id_fkey: entity_type_id → entity_types.id
touchpoints_opportunity_id_fkey: opportunity_id → opportunities.id
touchpoints_user_id_fkey: user_id → users.id
touchpoints_zone_id_fkey: zone_id → zones.id",touchpoints_pkey,"CHECK (id IS NOT NULL), FOREIGN KEY (address_id) REFERENCES addresses(id), FOREIGN KEY (contact_id) REFERENCES contacts(id), FOREIGN KEY (entity_type_id) REFERENCES entity_types(id), FOREIGN KEY (opportunity_id) REFERENCES opportunities(id), FOREIGN KEY (user_id) REFERENCES users(id), FOREIGN KEY (zone_id) REFERENCES zones(id), PRIMARY KEY (id)",,,,,,,,
user_analytics,tracking,ai ML model will be learning sales rep behavior to imrove analytics,,,user_analytics_user_id_fkey: user_id → users.id,"idx_analytics_entity, user_analytics_pkey, idx_analytics_user_time, idx_analytics_meta, idx_analytics_device, idx_analytics_ip","CHECK ((jsonb_typeof(device) = 'object'::text)), CHECK ((jsonb_typeof(geo) = 'object'::text)), CHECK ((jsonb_typeof(meta) = 'object'::text)), CHECK (action IS NOT NULL), CHECK (id IS NOT NULL), FOREIGN KEY (user_id) REFERENCES users(id), PRIMARY KEY (id), NOT NULL (action)",,,,,,,,
user_filters,filters,workflows,user can preset filters,no - second release,"user_filters_filter_id_fkey: filter_id → saved_filters.id
user_filters_user_id_fkey: user_id → users.id",user_filters_pkey,"CHECK (id IS NOT NULL), FOREIGN KEY (filter_id) REFERENCES saved_filters(id), FOREIGN KEY (user_id) REFERENCES users(id), PRIMARY KEY (id)",,,,,,,,
user_google_tokens,tracking,marketing,website component - salesBlanket offers custom website service ,,user_google_tokens_user_id_fkey: user_id → users.id,"user_google_tokens_pkey, idx_user_google_tokens_user_id","CHECK (access_token IS NOT NULL), CHECK (created_at IS NOT NULL), CHECK (expiry_date IS NOT NULL), CHECK (id IS NOT NULL), CHECK (updated_at IS NOT NULL), CHECK (user_id IS NOT NULL), FOREIGN KEY (user_id) REFERENCES users(id), PRIMARY KEY (id), NOT NULL (access_token), NOT NULL (expiry_date), NOT NULL (user_id)",,,,,,,,
user_roles,organizational,assign roles to users ,you can set custom view by way of table permission to customize the access,yes,null,user_roles_pkey,"CHECK (id IS NOT NULL), PRIMARY KEY (id)",,,,,,,,
user_settings,settings,settings,settings,no,null,user_settings_pkey,"CHECK (id IS NOT NULL), PRIMARY KEY (id)",,,,,,,,
user_view_preferences,settings,settings,settings,no,null,user_view_preferences_pkey,"CHECK (id IS NOT NULL), PRIMARY KEY (id)",,,,,,,,
user_zone_scope,geo spacial entities,permissions and access,granule control,no,null,user_zone_scope_pkey,"CHECK (id IS NOT NULL), PRIMARY KEY (id)",,,,,,,,
users,organizational entities,user record needed to access the application,we have flags for external users on creation - they expire.,yes,null,"users_email_key, users_pkey, users_username_key","CHECK (email IS NOT NULL), CHECK (id IS NOT NULL), CHECK (password_hash IS NOT NULL), CHECK (username IS NOT NULL), PRIMARY KEY (id), UNIQUE (email), UNIQUE (username), NOT NULL (email), NOT NULL (password_hash), NOT NULL (username)",,,,,,,,
view_configurations,configurations,system,on startup,yes,null,view_configurations_pkey,"CHECK (id IS NOT NULL), CHECK (name IS NOT NULL), PRIMARY KEY (id), NOT NULL (name)",,,,,,,,
view_types,identification,system,"Defines different ways to visualize and interact with data in the salesBlanket application, supporting customizable user interfaces.",,null,view_types_pkey,"CHECK (id IS NOT NULL), CHECK (name IS NOT NULL), PRIMARY KEY (id), NOT NULL (name)",,,,,,,,
visitor_sessions,tracking,marketing,,,null,visitor_sessions_pkey,"CHECK (created_at IS NOT NULL), CHECK (id IS NOT NULL), CHECK (session_id IS NOT NULL), CHECK (visit_start IS NOT NULL), PRIMARY KEY (id), NOT NULL (created_at), NOT NULL (id), NOT NULL (session_id), NOT NULL (visit_start)",,,,,,,,
work_types,opportunities,opportunities,"Defines types of work that can be performed, such as Roofing, Siding, and Gutters.",,work_types_created_by_fkey: created_by → users.id,work_types_pkey,"CHECK (id IS NOT NULL), CHECK (name IS NOT NULL), FOREIGN KEY (created_by) REFERENCES users(id), PRIMARY KEY (id), NOT NULL (name)",,,,,,,,
zone_goals,goals,sales management,zone oriented goals - large teams,no,null,zone_goals_pkey,"CHECK (created_at IS NOT NULL), CHECK (created_by IS NOT NULL), CHECK (id IS NOT NULL), CHECK (title IS NOT NULL), CHECK (updated_at IS NOT NULL), PRIMARY KEY (id), NOT NULL (created_at), NOT NULL (created_by), NOT NULL (id), NOT NULL (title), NOT NULL (updated_at)",,,,,,,,
zone_hierarchies,hierarchy,each company can build as many zones as they want - this creates parental rules,manages territory,no,null,zone_hierarchies_pkey,"CHECK (id IS NOT NULL), PRIMARY KEY (id)",,,,,,,,
zone_types,identification,geo organizational,"Categorizes different types of geographical pricing zones, supporting salesBlanket's zone-based pricing model that allows for location-specific pricing.",,null,zone_types_pkey,"CHECK (display_name IS NOT NULL), CHECK (id IS NOT NULL), PRIMARY KEY (id), NOT NULL (display_name)",,,,,,,,
zones,geo spacial entities,organize your empire with zones,supercharging neighborhoods,no,null,zones_pkey,"CHECK (id IS NOT NULL), CHECK (name IS NOT NULL), PRIMARY KEY (id), NOT NULL (name)",,,,,,,,